Name,Description,Owners,Version,Life cycle process,State,Type,Review date,Effective date,Expiration date,Last update user,Last update date,Code,Name,Description,Sort order,Review date,Effective date,Expiration date,Last update user,Last update date,Currency Code,Population,Language
Country Code,,"crm,enterprise,mdm",1,Simple Approval Process,Approved,Country Reference Data Type Bobby,,2021-11-01T18:09:17GMT-06:00,,cusadmin,2021-11-08T05:20:48GMT-06:00,AF,Afghanistan,,,,2021-11-01T18:19:22GMT-06:00,,cusadmin,2021-11-08T05:20:46GMT-06:00,AFN,,English
Country Code,,"crm,enterprise,mdm",1,Simple Approval Process,Approved,Country Reference Data Type Bobby,,2021-11-01T18:09:17GMT-06:00,,cusadmin,2021-11-08T05:20:48GMT-06:00,AX,Aland Islands,,,,2021-11-01T18:19:22GMT-06:00,,cusadmin,2021-11-08T05:20:46GMT-06:00,EUR,,English
Country Code,,"crm,enterprise,mdm",1,Simple Approval Process,Approved,Country Reference Data Type Bobby,,2021-11-01T18:09:17GMT-06:00,,cusadmin,2021-11-08T05:20:48GMT-06:00,AL,Albania,,,,2021-11-01T18:19:22GMT-06:00,,cusadmin,2021-11-08T05:20:46GMT-06:00,ALL,,English
Country Code,,"crm,enterprise,mdm",1,Simple Approval Process,Approved,Country Reference Data Type Bobby,,2021-11-01T18:09:17GMT-06:00,,cusadmin,2021-11-08T05:20:48GMT-06:00,DZ,Algeria,,,,2021-11-01T18:19:22GMT-06:00,,cusadmin,2021-11-08T05:20:46GMT-06:00,DZD,,English
Country Code,,"crm,enterprise,mdm",1,Simple Approval Process,Approved,Country Reference Data Type Bobby,,2021-11-01T18:09:17GMT-06:00,,cusadmin,2021-11-08T05:20:48GMT-06:00,AS,American Samoa,,,,2021-11-01T18:19:22GMT-06:00,,cusadmin,2021-11-08T05:20:46GMT-06:00,EUR,,English
Country Code,,"crm,enterprise,mdm",1,Simple Approval Process,Approved,Country Reference Data Type Bobby,,2021-11-01T18:09:17GMT-06:00,,cusadmin,2021-11-08T05:20:48GMT-06:00,AD,Andorra,,,,2021-11-01T18:19:22GMT-06:00,,cusadmin,2021-11-08T05:20:46GMT-06:00,EUR,,English
Country Code,,"crm,enterprise,mdm",1,Simple Approval Process,Approved,Country Reference Data Type Bobby,,2021-11-01T18:09:17GMT-06:00,,cusadmin,2021-11-08T05:20:48GMT-06:00,AO,Angola,,,,2021-11-01T18:19:22GMT-06:00,,cusadmin,2021-11-08T05:20:46GMT-06:00,AOA,,English
Country Code,,"crm,enterprise,mdm",1,Simple Approval Process,Approved,Country Reference Data Type Bobby,,2021-11-01T18:09:17GMT-06:00,,cusadmin,2021-11-08T05:20:48GMT-06:00,AI,Anguilla,,,,2021-11-01T18:19:22GMT-06:00,,cusadmin,2021-11-08T05:20:46GMT-06:00,XCD,,English
Country Code,,"crm,enterprise,mdm",1,Simple Approval Process,Approved,Country Reference Data Type Bobby,,2021-11-01T18:09:17GMT-06:00,,cusadmin,2021-11-08T05:20:48GMT-06:00,AQ,Antarctica,,,,2021-11-01T18:19:22GMT-06:00,,cusadmin,2021-11-08T05:20:46GMT-06:00,AQD,,English
Country Code,,"crm,enterprise,mdm",1,Simple Approval Process,Approved,Country Reference Data Type Bobby,,2021-11-01T18:09:17GMT-06:00,,cusadmin,2021-11-08T05:20:48GMT-06:00,AG,Antigua and Barbuda,,,,2021-11-01T18:19:22GMT-06:00,,cusadmin,2021-11-08T05:20:46GMT-06:00,XCD,,English
Country Code,,"crm,enterprise,mdm",1,Simple Approval Process,Approved,Country Reference Data Type Bobby,,2021-11-01T18:09:17GMT-06:00,,cusadmin,2021-11-08T05:20:48GMT-06:00,AR,Argentina,,,,2021-11-01T18:19:22GMT-06:00,,cusadmin,2021-11-08T05:20:46GMT-06:00,ARS,,English
Country Code,,"crm,enterprise,mdm",1,Simple Approval Process,Approved,Country Reference Data Type Bobby,,2021-11-01T18:09:17GMT-06:00,,cusadmin,2021-11-08T05:20:48GMT-06:00,AM,Armenia,,,,2021-11-01T18:19:22GMT-06:00,,cusadmin,2021-11-08T05:20:46GMT-06:00,AMD,,English
Country Code,,"crm,enterprise,mdm",1,Simple Approval Process,Approved,Country Reference Data Type Bobby,,2021-11-01T18:09:17GMT-06:00,,cusadmin,2021-11-08T05:20:48GMT-06:00,AW,Aruba,,,,2021-11-01T18:19:22GMT-06:00,,cusadmin,2021-11-08T05:20:46GMT-06:00,ANG,,English
Country Code,,"crm,enterprise,mdm",1,Simple Approval Process,Approved,Country Reference Data Type Bobby,,2021-11-01T18:09:17GMT-06:00,,cusadmin,2021-11-08T05:20:48GMT-06:00,AU,Australian,,,,2021-11-01T18:19:22GMT-06:00,,cusadmin,2021-11-08T05:20:46GMT-06:00,AUD,,English
Country Code,,"crm,enterprise,mdm",1,Simple Approval Process,Approved,Country Reference Data Type Bobby,,2021-11-01T18:09:17GMT-06:00,,cusadmin,2021-11-08T05:20:48GMT-06:00,AT,Austria,,,,2021-11-01T18:19:22GMT-06:00,,cusadmin,2021-11-08T05:20:46GMT-06:00,EUR,,English
Country Code,,"crm,enterprise,mdm",1,Simple Approval Process,Approved,Country Reference Data Type Bobby,,2021-11-01T18:09:17GMT-06:00,,cusadmin,2021-11-08T05:20:48GMT-06:00,AZ,Azerbaijan,,,,2021-11-01T18:19:22GMT-06:00,,cusadmin,2021-11-08T05:20:46GMT-06:00,AZN,,English
Country Code,,"crm,enterprise,mdm",1,Simple Approval Process,Approved,Country Reference Data Type Bobby,,2021-11-01T18:09:17GMT-06:00,,cusadmin,2021-11-08T05:20:48GMT-06:00,BS,Bahamas,,,,2021-11-01T18:19:22GMT-06:00,,cusadmin,2021-11-08T05:20:46GMT-06:00,BSD,,English
Country Code,,"crm,enterprise,mdm",1,Simple Approval Process,Approved,Country Reference Data Type Bobby,,2021-11-01T18:09:17GMT-06:00,,cusadmin,2021-11-08T05:20:48GMT-06:00,BH,Bahrain,,,,2021-11-01T18:19:22GMT-06:00,,cusadmin,2021-11-08T05:20:46GMT-06:00,BHD,,English
Country Code,,"crm,enterprise,mdm",1,Simple Approval Process,Approved,Country Reference Data Type Bobby,,2021-11-01T18:09:17GMT-06:00,,cusadmin,2021-11-08T05:20:48GMT-06:00,BD,Bangladesh,,,,2021-11-01T18:19:22GMT-06:00,,cusadmin,2021-11-08T05:20:46GMT-06:00,BDT,,English
Country Code,,"crm,enterprise,mdm",1,Simple Approval Process,Approved,Country Reference Data Type Bobby,,2021-11-01T18:09:17GMT-06:00,,cusadmin,2021-11-08T05:20:48GMT-06:00,BB,Barbados,,,,2021-11-01T18:19:22GMT-06:00,,cusadmin,2021-11-08T05:20:46GMT-06:00,BBD,,English
Country Code,,"crm,enterprise,mdm",1,Simple Approval Process,Approved,Country Reference Data Type Bobby,,2021-11-01T18:09:17GMT-06:00,,cusadmin,2021-11-08T05:20:48GMT-06:00,BY,Belarus,,,,2021-11-01T18:19:22GMT-06:00,,cusadmin,2021-11-08T05:20:46GMT-06:00,BYR,,English
Country Code,,"crm,enterprise,mdm",1,Simple Approval Process,Approved,Country Reference Data Type Bobby,,2021-11-01T18:09:17GMT-06:00,,cusadmin,2021-11-08T05:20:48GMT-06:00,BE,Belgium,,,,2021-11-01T18:19:22GMT-06:00,,cusadmin,2021-11-08T05:20:46GMT-06:00,EUR,,English
Country Code,,"crm,enterprise,mdm",1,Simple Approval Process,Approved,Country Reference Data Type Bobby,,2021-11-01T18:09:17GMT-06:00,,cusadmin,2021-11-08T05:20:48GMT-06:00,BZ,Belize,,,,2021-11-01T18:19:22GMT-06:00,,cusadmin,2021-11-08T05:20:46GMT-06:00,BZD,,English
Country Code,,"crm,enterprise,mdm",1,Simple Approval Process,Approved,Country Reference Data Type Bobby,,2021-11-01T18:09:17GMT-06:00,,cusadmin,2021-11-08T05:20:48GMT-06:00,BJ,Benin,,,,2021-11-01T18:19:22GMT-06:00,,cusadmin,2021-11-08T05:20:46GMT-06:00,XOF,,English
Country Code,,"crm,enterprise,mdm",1,Simple Approval Process,Approved,Country Reference Data Type Bobby,,2021-11-01T18:09:17GMT-06:00,,cusadmin,2021-11-08T05:20:48GMT-06:00,BM,Bermuda,,,,2021-11-01T18:19:22GMT-06:00,,cusadmin,2021-11-08T05:20:46GMT-06:00,BMD,,English
Country Code,,"crm,enterprise,mdm",1,Simple Approval Process,Approved,Country Reference Data Type Bobby,,2021-11-01T18:09:17GMT-06:00,,cusadmin,2021-11-08T05:20:48GMT-06:00,BT,Bhutan,,,,2021-11-01T18:19:22GMT-06:00,,cusadmin,2021-11-08T05:20:46GMT-06:00,INR,,English
Country Code,,"crm,enterprise,mdm",1,Simple Approval Process,Approved,Country Reference Data Type Bobby,,2021-11-01T18:09:17GMT-06:00,,cusadmin,2021-11-08T05:20:48GMT-06:00,BO,Bolivia,,,,2021-11-01T18:19:22GMT-06:00,,cusadmin,2021-11-08T05:20:46GMT-06:00,BOB,,English
Country Code,,"crm,enterprise,mdm",1,Simple Approval Process,Approved,Country Reference Data Type Bobby,,2021-11-01T18:09:17GMT-06:00,,cusadmin,2021-11-08T05:20:48GMT-06:00,BA,Bosnia and Herzegovina,,,,2021-11-01T18:19:22GMT-06:00,,cusadmin,2021-11-08T05:20:46GMT-06:00,BAM,,English
Country Code,,"crm,enterprise,mdm",1,Simple Approval Process,Approved,Country Reference Data Type Bobby,,2021-11-01T18:09:17GMT-06:00,,cusadmin,2021-11-08T05:20:48GMT-06:00,BW,Botswana,,,,2021-11-01T18:19:22GMT-06:00,,cusadmin,2021-11-08T05:20:46GMT-06:00,BWP,,English
Country Code,,"crm,enterprise,mdm",1,Simple Approval Process,Approved,Country Reference Data Type Bobby,,2021-11-01T18:09:17GMT-06:00,,cusadmin,2021-11-08T05:20:48GMT-06:00,BV,Bouvet Island,,,,2021-11-01T18:19:22GMT-06:00,,cusadmin,2021-11-08T05:20:46GMT-06:00,NOK,,English
Country Code,,"crm,enterprise,mdm",1,Simple Approval Process,Approved,Country Reference Data Type Bobby,,2021-11-01T18:09:17GMT-06:00,,cusadmin,2021-11-08T05:20:48GMT-06:00,BR,Brazil,,,,2021-11-01T18:19:22GMT-06:00,,cusadmin,2021-11-08T05:20:46GMT-06:00,BRL,,English
Country Code,,"crm,enterprise,mdm",1,Simple Approval Process,Approved,Country Reference Data Type Bobby,,2021-11-01T18:09:17GMT-06:00,,cusadmin,2021-11-08T05:20:48GMT-06:00,IO,British Indian Ocean Territory,,,,2021-11-01T18:19:22GMT-06:00,,cusadmin,2021-11-08T05:20:46GMT-06:00,USD,,English
Country Code,,"crm,enterprise,mdm",1,Simple Approval Process,Approved,Country Reference Data Type Bobby,,2021-11-01T18:09:17GMT-06:00,,cusadmin,2021-11-08T05:20:48GMT-06:00,BN,Brunei Darussalam,,,,2021-11-01T18:19:22GMT-06:00,,cusadmin,2021-11-08T05:20:46GMT-06:00,BND,,English
Country Code,,"crm,enterprise,mdm",1,Simple Approval Process,Approved,Country Reference Data Type Bobby,,2021-11-01T18:09:17GMT-06:00,,cusadmin,2021-11-08T05:20:48GMT-06:00,BG,Bulgaria,,,,2021-11-01T18:19:22GMT-06:00,,cusadmin,2021-11-08T05:20:46GMT-06:00,BGN,,English
Country Code,,"crm,enterprise,mdm",1,Simple Approval Process,Approved,Country Reference Data Type Bobby,,2021-11-01T18:09:17GMT-06:00,,cusadmin,2021-11-08T05:20:48GMT-06:00,BF,Burkina Faso,,,,2021-11-01T18:19:22GMT-06:00,,cusadmin,2021-11-08T05:20:46GMT-06:00,XOF,,English
Country Code,,"crm,enterprise,mdm",1,Simple Approval Process,Approved,Country Reference Data Type Bobby,,2021-11-01T18:09:17GMT-06:00,,cusadmin,2021-11-08T05:20:48GMT-06:00,BI,Burundi,,,,2021-11-01T18:19:22GMT-06:00,,cusadmin,2021-11-08T05:20:46GMT-06:00,BIF,,English
Country Code,,"crm,enterprise,mdm",1,Simple Approval Process,Approved,Country Reference Data Type Bobby,,2021-11-01T18:09:17GMT-06:00,,cusadmin,2021-11-08T05:20:48GMT-06:00,KH,Cambodia,,,,2021-11-01T18:19:22GMT-06:00,,cusadmin,2021-11-08T05:20:46GMT-06:00,KHR,,English
Country Code,,"crm,enterprise,mdm",1,Simple Approval Process,Approved,Country Reference Data Type Bobby,,2021-11-01T18:09:17GMT-06:00,,cusadmin,2021-11-08T05:20:48GMT-06:00,CM,Cameroon,,,,2021-11-01T18:19:22GMT-06:00,,cusadmin,2021-11-08T05:20:46GMT-06:00,XAF,,English
Country Code,,"crm,enterprise,mdm",1,Simple Approval Process,Approved,Country Reference Data Type Bobby,,2021-11-01T18:09:17GMT-06:00,,cusadmin,2021-11-08T05:20:48GMT-06:00,CA,Canada,,,,2021-11-01T18:19:22GMT-06:00,,cusadmin,2021-11-08T05:20:46GMT-06:00,CAD,,English
Country Code,,"crm,enterprise,mdm",1,Simple Approval Process,Approved,Country Reference Data Type Bobby,,2021-11-01T18:09:17GMT-06:00,,cusadmin,2021-11-08T05:20:48GMT-06:00,CV,Cape Verde,,,,2021-11-01T18:19:22GMT-06:00,,cusadmin,2021-11-08T05:20:46GMT-06:00,CVE,,English
Country Code,,"crm,enterprise,mdm",1,Simple Approval Process,Approved,Country Reference Data Type Bobby,,2021-11-01T18:09:17GMT-06:00,,cusadmin,2021-11-08T05:20:48GMT-06:00,KY,Cayman Islands,,,,2021-11-01T18:19:22GMT-06:00,,cusadmin,2021-11-08T05:20:46GMT-06:00,KYD,,English
Country Code,,"crm,enterprise,mdm",1,Simple Approval Process,Approved,Country Reference Data Type Bobby,,2021-11-01T18:09:17GMT-06:00,,cusadmin,2021-11-08T05:20:48GMT-06:00,CF,Central African Republic,,,,2021-11-01T18:19:22GMT-06:00,,cusadmin,2021-11-08T05:20:46GMT-06:00,XAF,,English
Country Code,,"crm,enterprise,mdm",1,Simple Approval Process,Approved,Country Reference Data Type Bobby,,2021-11-01T18:09:17GMT-06:00,,cusadmin,2021-11-08T05:20:48GMT-06:00,TD,Chad,,,,2021-11-01T18:19:22GMT-06:00,,cusadmin,2021-11-08T05:20:46GMT-06:00,XAF,,English
Country Code,,"crm,enterprise,mdm",1,Simple Approval Process,Approved,Country Reference Data Type Bobby,,2021-11-01T18:09:17GMT-06:00,,cusadmin,2021-11-08T05:20:48GMT-06:00,CL,Chile,,,,2021-11-01T18:19:22GMT-06:00,,cusadmin,2021-11-08T05:20:46GMT-06:00,CLP,,English
Country Code,,"crm,enterprise,mdm",1,Simple Approval Process,Approved,Country Reference Data Type Bobby,,2021-11-01T18:09:17GMT-06:00,,cusadmin,2021-11-08T05:20:48GMT-06:00,CN,China,,,,2021-11-01T18:19:22GMT-06:00,,cusadmin,2021-11-08T05:20:46GMT-06:00,CNY,,English
Country Code,,"crm,enterprise,mdm",1,Simple Approval Process,Approved,Country Reference Data Type Bobby,,2021-11-01T18:09:17GMT-06:00,,cusadmin,2021-11-08T05:20:48GMT-06:00,CX,Christmas Island,,,,2021-11-01T18:19:22GMT-06:00,,cusadmin,2021-11-08T05:20:46GMT-06:00,AUD,,English
Country Code,,"crm,enterprise,mdm",1,Simple Approval Process,Approved,Country Reference Data Type Bobby,,2021-11-01T18:09:17GMT-06:00,,cusadmin,2021-11-08T05:20:48GMT-06:00,CC,Cocos (Keeling) Islands,,,,2021-11-01T18:19:22GMT-06:00,,cusadmin,2021-11-08T05:20:46GMT-06:00,AUD,,English
Country Code,,"crm,enterprise,mdm",1,Simple Approval Process,Approved,Country Reference Data Type Bobby,,2021-11-01T18:09:17GMT-06:00,,cusadmin,2021-11-08T05:20:48GMT-06:00,CO,Colombia,,,,2021-11-01T18:19:22GMT-06:00,,cusadmin,2021-11-08T05:20:46GMT-06:00,COP,,English
Country Code,,"crm,enterprise,mdm",1,Simple Approval Process,Approved,Country Reference Data Type Bobby,,2021-11-01T18:09:17GMT-06:00,,cusadmin,2021-11-08T05:20:48GMT-06:00,KM,Comoros,,,,2021-11-01T18:19:22GMT-06:00,,cusadmin,2021-11-08T05:20:46GMT-06:00,KMF,,English
Country Code,,"crm,enterprise,mdm",1,Simple Approval Process,Approved,Country Reference Data Type Bobby,,2021-11-01T18:09:17GMT-06:00,,cusadmin,2021-11-08T05:20:48GMT-06:00,CD,Congo (Kinshasa),,,,2021-11-01T18:19:22GMT-06:00,,cusadmin,2021-11-08T05:20:46GMT-06:00,CDF,,English
Country Code,,"crm,enterprise,mdm",1,Simple Approval Process,Approved,Country Reference Data Type Bobby,,2021-11-01T18:09:17GMT-06:00,,cusadmin,2021-11-08T05:20:48GMT-06:00,CG,Congo Republic of the Democratic,,,,2021-11-01T18:19:22GMT-06:00,,cusadmin,2021-11-08T05:20:46GMT-06:00,XAF,,English
Country Code,,"crm,enterprise,mdm",1,Simple Approval Process,Approved,Country Reference Data Type Bobby,,2021-11-01T18:09:17GMT-06:00,,cusadmin,2021-11-08T05:20:48GMT-06:00,CK,Cook Islands,,,,2021-11-01T18:19:22GMT-06:00,,cusadmin,2021-11-08T05:20:46GMT-06:00,NZD,,English
Country Code,,"crm,enterprise,mdm",1,Simple Approval Process,Approved,Country Reference Data Type Bobby,,2021-11-01T18:09:17GMT-06:00,,cusadmin,2021-11-08T05:20:48GMT-06:00,CR,Costa Rica,,,,2021-11-01T18:19:22GMT-06:00,,cusadmin,2021-11-08T05:20:46GMT-06:00,CRC,,English
Country Code,,"crm,enterprise,mdm",1,Simple Approval Process,Approved,Country Reference Data Type Bobby,,2021-11-01T18:09:17GMT-06:00,,cusadmin,2021-11-08T05:20:48GMT-06:00,HR,Croatia (Hrvatska),,,,2021-11-01T18:19:22GMT-06:00,,cusadmin,2021-11-08T05:20:46GMT-06:00,HRK,,English
Country Code,,"crm,enterprise,mdm",1,Simple Approval Process,Approved,Country Reference Data Type Bobby,,2021-11-01T18:09:17GMT-06:00,,cusadmin,2021-11-08T05:20:48GMT-06:00,CU,Cuba,,,,2021-11-01T18:19:22GMT-06:00,,cusadmin,2021-11-08T05:20:46GMT-06:00,CUP,,English
Country Code,,"crm,enterprise,mdm",1,Simple Approval Process,Approved,Country Reference Data Type Bobby,,2021-11-01T18:09:17GMT-06:00,,cusadmin,2021-11-08T05:20:48GMT-06:00,CY,Cyprus,,,,2021-11-01T18:19:22GMT-06:00,,cusadmin,2021-11-08T05:20:46GMT-06:00,CYP,,English
Country Code,,"crm,enterprise,mdm",1,Simple Approval Process,Approved,Country Reference Data Type Bobby,,2021-11-01T18:09:17GMT-06:00,,cusadmin,2021-11-08T05:20:48GMT-06:00,CZ,Czech Republic,,,,2021-11-01T18:19:22GMT-06:00,,cusadmin,2021-11-08T05:20:46GMT-06:00,CZK,,English
Country Code,,"crm,enterprise,mdm",1,Simple Approval Process,Approved,Country Reference Data Type Bobby,,2021-11-01T18:09:17GMT-06:00,,cusadmin,2021-11-08T05:20:48GMT-06:00,DK,Denmark,,,,2021-11-01T18:19:22GMT-06:00,,cusadmin,2021-11-08T05:20:46GMT-06:00,DKK,,English
Country Code,,"crm,enterprise,mdm",1,Simple Approval Process,Approved,Country Reference Data Type Bobby,,2021-11-01T18:09:17GMT-06:00,,cusadmin,2021-11-08T05:20:48GMT-06:00,DJ,Djibouti,,,,2021-11-01T18:19:22GMT-06:00,,cusadmin,2021-11-08T05:20:46GMT-06:00,DJF,,English
Country Code,,"crm,enterprise,mdm",1,Simple Approval Process,Approved,Country Reference Data Type Bobby,,2021-11-01T18:09:17GMT-06:00,,cusadmin,2021-11-08T05:20:48GMT-06:00,DM,Dominica,,,,2021-11-01T18:19:22GMT-06:00,,cusadmin,2021-11-08T05:20:46GMT-06:00,XCD,,English
Country Code,,"crm,enterprise,mdm",1,Simple Approval Process,Approved,Country Reference Data Type Bobby,,2021-11-01T18:09:17GMT-06:00,,cusadmin,2021-11-08T05:20:48GMT-06:00,DO,Dominican Republic,,,,2021-11-01T18:19:22GMT-06:00,,cusadmin,2021-11-08T05:20:46GMT-06:00,DOP,,English
Country Code,,"crm,enterprise,mdm",1,Simple Approval Process,Approved,Country Reference Data Type Bobby,,2021-11-01T18:09:17GMT-06:00,,cusadmin,2021-11-08T05:20:48GMT-06:00,TP,East Timor,,,,2021-11-01T18:19:22GMT-06:00,,cusadmin,2021-11-08T05:20:46GMT-06:00,IDR,,English
Country Code,,"crm,enterprise,mdm",1,Simple Approval Process,Approved,Country Reference Data Type Bobby,,2021-11-01T18:09:17GMT-06:00,,cusadmin,2021-11-08T05:20:48GMT-06:00,EC,Ecuador,,,,2021-11-01T18:19:22GMT-06:00,,cusadmin,2021-11-08T05:20:46GMT-06:00,ECS,,English
Country Code,,"crm,enterprise,mdm",1,Simple Approval Process,Approved,Country Reference Data Type Bobby,,2021-11-01T18:09:17GMT-06:00,,cusadmin,2021-11-08T05:20:48GMT-06:00,EG,Egypt,,,,2021-11-01T18:19:22GMT-06:00,,cusadmin,2021-11-08T05:20:46GMT-06:00,EGP,,English
Country Code,,"crm,enterprise,mdm",1,Simple Approval Process,Approved,Country Reference Data Type Bobby,,2021-11-01T18:09:17GMT-06:00,,cusadmin,2021-11-08T05:20:48GMT-06:00,SV,El Salvador,,,,2021-11-01T18:19:22GMT-06:00,,cusadmin,2021-11-08T05:20:46GMT-06:00,SVC,,English
Country Code,,"crm,enterprise,mdm",1,Simple Approval Process,Approved,Country Reference Data Type Bobby,,2021-11-01T18:09:17GMT-06:00,,cusadmin,2021-11-08T05:20:48GMT-06:00,GQ,Equatorial Guinea,,,,2021-11-01T18:19:22GMT-06:00,,cusadmin,2021-11-08T05:20:46GMT-06:00,XAF,,English
Country Code,,"crm,enterprise,mdm",1,Simple Approval Process,Approved,Country Reference Data Type Bobby,,2021-11-01T18:09:17GMT-06:00,,cusadmin,2021-11-08T05:20:48GMT-06:00,ER,Eritrea,,,,2021-11-01T18:19:22GMT-06:00,,cusadmin,2021-11-08T05:20:46GMT-06:00,ETB,,English
Country Code,,"crm,enterprise,mdm",1,Simple Approval Process,Approved,Country Reference Data Type Bobby,,2021-11-01T18:09:17GMT-06:00,,cusadmin,2021-11-08T05:20:48GMT-06:00,EE,Estonia,,,,2021-11-01T18:19:22GMT-06:00,,cusadmin,2021-11-08T05:20:46GMT-06:00,EEK,,English
Country Code,,"crm,enterprise,mdm",1,Simple Approval Process,Approved,Country Reference Data Type Bobby,,2021-11-01T18:09:17GMT-06:00,,cusadmin,2021-11-08T05:20:48GMT-06:00,ET,Ethiopia,,,,2021-11-01T18:19:22GMT-06:00,,cusadmin,2021-11-08T05:20:46GMT-06:00,ETB,,English
Country Code,,"crm,enterprise,mdm",1,Simple Approval Process,Approved,Country Reference Data Type Bobby,,2021-11-01T18:09:17GMT-06:00,,cusadmin,2021-11-08T05:20:48GMT-06:00,FK,Falkland Islands (Malvinas),,,,2021-11-01T18:19:22GMT-06:00,,cusadmin,2021-11-08T05:20:46GMT-06:00,FKP,,English
Country Code,,"crm,enterprise,mdm",1,Simple Approval Process,Approved,Country Reference Data Type Bobby,,2021-11-01T18:09:17GMT-06:00,,cusadmin,2021-11-08T05:20:48GMT-06:00,FO,Faroe Islands,,,,2021-11-01T18:19:22GMT-06:00,,cusadmin,2021-11-08T05:20:46GMT-06:00,DKK,,English
Country Code,,"crm,enterprise,mdm",1,Simple Approval Process,Approved,Country Reference Data Type Bobby,,2021-11-01T18:09:17GMT-06:00,,cusadmin,2021-11-08T05:20:48GMT-06:00,FJ,Fiji,,,,2021-11-01T18:19:22GMT-06:00,,cusadmin,2021-11-08T05:20:46GMT-06:00,FJD,,English
Country Code,,"crm,enterprise,mdm",1,Simple Approval Process,Approved,Country Reference Data Type Bobby,,2021-11-01T18:09:17GMT-06:00,,cusadmin,2021-11-08T05:20:48GMT-06:00,FI,Finland,,,,2021-11-01T18:19:22GMT-06:00,,cusadmin,2021-11-08T05:20:46GMT-06:00,EUR,,English
Country Code,,"crm,enterprise,mdm",1,Simple Approval Process,Approved,Country Reference Data Type Bobby,,2021-11-01T18:09:17GMT-06:00,,cusadmin,2021-11-08T05:20:48GMT-06:00,FR,France,,,,2021-11-01T18:19:22GMT-06:00,,cusadmin,2021-11-08T05:20:46GMT-06:00,EUR,,English
Country Code,,"crm,enterprise,mdm",1,Simple Approval Process,Approved,Country Reference Data Type Bobby,,2021-11-01T18:09:17GMT-06:00,,cusadmin,2021-11-08T05:20:48GMT-06:00,GF,French Guiana,,,,2021-11-01T18:19:22GMT-06:00,,cusadmin,2021-11-08T05:20:46GMT-06:00,EUR,,English
Country Code,,"crm,enterprise,mdm",1,Simple Approval Process,Approved,Country Reference Data Type Bobby,,2021-11-01T18:09:17GMT-06:00,,cusadmin,2021-11-08T05:20:48GMT-06:00,PF,French Polynesia,,,,2021-11-01T18:19:22GMT-06:00,,cusadmin,2021-11-08T05:20:46GMT-06:00,XPF,,English
Country Code,,"crm,enterprise,mdm",1,Simple Approval Process,Approved,Country Reference Data Type Bobby,,2021-11-01T18:09:17GMT-06:00,,cusadmin,2021-11-08T05:20:48GMT-06:00,TF,French Southern Territories,,,,2021-11-01T18:19:22GMT-06:00,,cusadmin,2021-11-08T05:20:46GMT-06:00,EUR,,English
Country Code,,"crm,enterprise,mdm",1,Simple Approval Process,Approved,Country Reference Data Type Bobby,,2021-11-01T18:09:17GMT-06:00,,cusadmin,2021-11-08T05:20:48GMT-06:00,GA,Gabon,,,,2021-11-01T18:19:22GMT-06:00,,cusadmin,2021-11-08T05:20:46GMT-06:00,XAF,,English
Country Code,,"crm,enterprise,mdm",1,Simple Approval Process,Approved,Country Reference Data Type Bobby,,2021-11-01T18:09:17GMT-06:00,,cusadmin,2021-11-08T05:20:48GMT-06:00,GM,Gambia,,,,2021-11-01T18:19:22GMT-06:00,,cusadmin,2021-11-08T05:20:46GMT-06:00,GMD,,English
Country Code,,"crm,enterprise,mdm",1,Simple Approval Process,Approved,Country Reference Data Type Bobby,,2021-11-01T18:09:17GMT-06:00,,cusadmin,2021-11-08T05:20:48GMT-06:00,GE,Georgia,,,,2021-11-01T18:19:22GMT-06:00,,cusadmin,2021-11-08T05:20:46GMT-06:00,GEL,,English
Country Code,,"crm,enterprise,mdm",1,Simple Approval Process,Approved,Country Reference Data Type Bobby,,2021-11-01T18:09:17GMT-06:00,,cusadmin,2021-11-08T05:20:48GMT-06:00,DE,Germany,,,,2021-11-01T18:19:22GMT-06:00,,cusadmin,2021-11-08T05:20:46GMT-06:00,EUR,,English
Country Code,,"crm,enterprise,mdm",1,Simple Approval Process,Approved,Country Reference Data Type Bobby,,2021-11-01T18:09:17GMT-06:00,,cusadmin,2021-11-08T05:20:48GMT-06:00,GH,Ghana,,,,2021-11-01T18:19:23GMT-06:00,,cusadmin,2021-11-08T05:20:46GMT-06:00,GHS,,English
Country Code,,"crm,enterprise,mdm",1,Simple Approval Process,Approved,Country Reference Data Type Bobby,,2021-11-01T18:09:17GMT-06:00,,cusadmin,2021-11-08T05:20:48GMT-06:00,GI,Gibraltar,,,,2021-11-01T18:19:22GMT-06:00,,cusadmin,2021-11-08T05:20:46GMT-06:00,GIP,,English
Country Code,,"crm,enterprise,mdm",1,Simple Approval Process,Approved,Country Reference Data Type Bobby,,2021-11-01T18:09:17GMT-06:00,,cusadmin,2021-11-08T05:20:48GMT-06:00,GR,Greece,,,,2021-11-01T18:19:22GMT-06:00,,cusadmin,2021-11-08T05:20:46GMT-06:00,EUR,,English
Country Code,,"crm,enterprise,mdm",1,Simple Approval Process,Approved,Country Reference Data Type Bobby,,2021-11-01T18:09:17GMT-06:00,,cusadmin,2021-11-08T05:20:48GMT-06:00,GL,Greenland,,,,2021-11-01T18:19:22GMT-06:00,,cusadmin,2021-11-08T05:20:46GMT-06:00,DKK,,English
Country Code,,"crm,enterprise,mdm",1,Simple Approval Process,Approved,Country Reference Data Type Bobby,,2021-11-01T18:09:17GMT-06:00,,cusadmin,2021-11-08T05:20:48GMT-06:00,GD,Grenada,,,,2021-11-01T18:19:22GMT-06:00,,cusadmin,2021-11-08T05:20:46GMT-06:00,XCD,,English
Country Code,,"crm,enterprise,mdm",1,Simple Approval Process,Approved,Country Reference Data Type Bobby,,2021-11-01T18:09:17GMT-06:00,,cusadmin,2021-11-08T05:20:48GMT-06:00,GP,Guadeloupe,,,,2021-11-01T18:19:22GMT-06:00,,cusadmin,2021-11-08T05:20:46GMT-06:00,EUR,,English
Country Code,,"crm,enterprise,mdm",1,Simple Approval Process,Approved,Country Reference Data Type Bobby,,2021-11-01T18:09:17GMT-06:00,,cusadmin,2021-11-08T05:20:48GMT-06:00,GU,Guam,,,,2021-11-01T18:19:22GMT-06:00,,cusadmin,2021-11-08T05:20:46GMT-06:00,USD,,English
Country Code,,"crm,enterprise,mdm",1,Simple Approval Process,Approved,Country Reference Data Type Bobby,,2021-11-01T18:09:17GMT-06:00,,cusadmin,2021-11-08T05:20:48GMT-06:00,GT,Guatemala,,,,2021-11-01T18:19:22GMT-06:00,,cusadmin,2021-11-08T05:20:46GMT-06:00,GTQ,,English
Country Code,,"crm,enterprise,mdm",1,Simple Approval Process,Approved,Country Reference Data Type Bobby,,2021-11-01T18:09:17GMT-06:00,,cusadmin,2021-11-08T05:20:48GMT-06:00,GG,Guernsey,,,,2021-11-01T18:19:23GMT-06:00,,cusadmin,2021-11-08T05:20:46GMT-06:00,GGP,,English
Country Code,,"crm,enterprise,mdm",1,Simple Approval Process,Approved,Country Reference Data Type Bobby,,2021-11-01T18:09:17GMT-06:00,,cusadmin,2021-11-08T05:20:48GMT-06:00,GN,Guinea,,,,2021-11-01T18:19:22GMT-06:00,,cusadmin,2021-11-08T05:20:46GMT-06:00,GNF,,English
Country Code,,"crm,enterprise,mdm",1,Simple Approval Process,Approved,Country Reference Data Type Bobby,,2021-11-01T18:09:17GMT-06:00,,cusadmin,2021-11-08T05:20:48GMT-06:00,GW,Guinea-Bissau,,,,2021-11-01T18:19:22GMT-06:00,,cusadmin,2021-11-08T05:20:46GMT-06:00,XOF,,English
Country Code,,"crm,enterprise,mdm",1,Simple Approval Process,Approved,Country Reference Data Type Bobby,,2021-11-01T18:09:17GMT-06:00,,cusadmin,2021-11-08T05:20:48GMT-06:00,GY,Guyana,,,,2021-11-01T18:19:22GMT-06:00,,cusadmin,2021-11-08T05:20:46GMT-06:00,GYD,,English
Country Code,,"crm,enterprise,mdm",1,Simple Approval Process,Approved,Country Reference Data Type Bobby,,2021-11-01T18:09:17GMT-06:00,,cusadmin,2021-11-08T05:20:48GMT-06:00,HT,Haiti,,,,2021-11-01T18:19:22GMT-06:00,,cusadmin,2021-11-08T05:20:46GMT-06:00,HTG,,English
Country Code,,"crm,enterprise,mdm",1,Simple Approval Process,Approved,Country Reference Data Type Bobby,,2021-11-01T18:09:17GMT-06:00,,cusadmin,2021-11-08T05:20:48GMT-06:00,HM,Heard and Mc Donald Islands,,,,2021-11-01T18:19:22GMT-06:00,,cusadmin,2021-11-08T05:20:46GMT-06:00,AUD,,English
Country Code,,"crm,enterprise,mdm",1,Simple Approval Process,Approved,Country Reference Data Type Bobby,,2021-11-01T18:09:17GMT-06:00,,cusadmin,2021-11-08T05:20:48GMT-06:00,HN,Honduras,,,,2021-11-01T18:19:22GMT-06:00,,cusadmin,2021-11-08T05:20:46GMT-06:00,HNL,,English
Country Code,,"crm,enterprise,mdm",1,Simple Approval Process,Approved,Country Reference Data Type Bobby,,2021-11-01T18:09:17GMT-06:00,,cusadmin,2021-11-08T05:20:48GMT-06:00,HK,Hong Kong,,,,2021-11-01T18:19:22GMT-06:00,,cusadmin,2021-11-08T05:20:46GMT-06:00,HKD,,English
Country Code,,"crm,enterprise,mdm",1,Simple Approval Process,Approved,Country Reference Data Type Bobby,,2021-11-01T18:09:17GMT-06:00,,cusadmin,2021-11-08T05:20:48GMT-06:00,HU,Hungary,,,,2021-11-01T18:19:22GMT-06:00,,cusadmin,2021-11-08T05:20:46GMT-06:00,HUF,,English
Country Code,,"crm,enterprise,mdm",1,Simple Approval Process,Approved,Country Reference Data Type Bobby,,2021-11-01T18:09:17GMT-06:00,,cusadmin,2021-11-08T05:20:48GMT-06:00,IS,Iceland,,,,2021-11-01T18:19:22GMT-06:00,,cusadmin,2021-11-08T05:20:46GMT-06:00,ISK,,English
Country Code,,"crm,enterprise,mdm",1,Simple Approval Process,Approved,Country Reference Data Type Bobby,,2021-11-01T18:09:17GMT-06:00,,cusadmin,2021-11-08T05:20:48GMT-06:00,IN,India,,,,2021-11-01T18:19:22GMT-06:00,,cusadmin,2021-11-08T05:20:46GMT-06:00,INR,,English
Country Code,,"crm,enterprise,mdm",1,Simple Approval Process,Approved,Country Reference Data Type Bobby,,2021-11-01T18:09:17GMT-06:00,,cusadmin,2021-11-08T05:20:48GMT-06:00,ID,Indonesia,,,,2021-11-01T18:19:22GMT-06:00,,cusadmin,2021-11-08T05:20:46GMT-06:00,IDR,,English
Country Code,,"crm,enterprise,mdm",1,Simple Approval Process,Approved,Country Reference Data Type Bobby,,2021-11-01T18:09:17GMT-06:00,,cusadmin,2021-11-08T05:20:48GMT-06:00,IR,Iran (Islamic Republic of),,,,2021-11-01T18:19:22GMT-06:00,,cusadmin,2021-11-08T05:20:46GMT-06:00,IRR,,English
Country Code,,"crm,enterprise,mdm",1,Simple Approval Process,Approved,Country Reference Data Type Bobby,,2021-11-01T18:09:17GMT-06:00,,cusadmin,2021-11-08T05:20:48GMT-06:00,IQ,Iraq,,,,2021-11-01T18:19:22GMT-06:00,,cusadmin,2021-11-08T05:20:46GMT-06:00,IQD,,English
Country Code,,"crm,enterprise,mdm",1,Simple Approval Process,Approved,Country Reference Data Type Bobby,,2021-11-01T18:09:17GMT-06:00,,cusadmin,2021-11-08T05:20:48GMT-06:00,IE,Ireland,,,,2021-11-01T18:19:22GMT-06:00,,cusadmin,2021-11-08T05:20:46GMT-06:00,EUR,,English
Country Code,,"crm,enterprise,mdm",1,Simple Approval Process,Approved,Country Reference Data Type Bobby,,2021-11-01T18:09:17GMT-06:00,,cusadmin,2021-11-08T05:20:48GMT-06:00,IM,Isle of Man,,,,2021-11-01T18:19:23GMT-06:00,,cusadmin,2021-11-08T05:20:46GMT-06:00,GBP,,English
Country Code,,"crm,enterprise,mdm",1,Simple Approval Process,Approved,Country Reference Data Type Bobby,,2021-11-01T18:09:17GMT-06:00,,cusadmin,2021-11-08T05:20:48GMT-06:00,IL,Israel,,,,2021-11-01T18:19:22GMT-06:00,,cusadmin,2021-11-08T05:20:46GMT-06:00,ILS,,English
Country Code,,"crm,enterprise,mdm",1,Simple Approval Process,Approved,Country Reference Data Type Bobby,,2021-11-01T18:09:17GMT-06:00,,cusadmin,2021-11-08T05:20:48GMT-06:00,IT,Italy,,,,2021-11-01T18:19:22GMT-06:00,,cusadmin,2021-11-08T05:20:46GMT-06:00,EUR,,English
Country Code,,"crm,enterprise,mdm",1,Simple Approval Process,Approved,Country Reference Data Type Bobby,,2021-11-01T18:09:17GMT-06:00,,cusadmin,2021-11-08T05:20:48GMT-06:00,CI,Ivory Coast,,,,2021-11-01T18:19:22GMT-06:00,,cusadmin,2021-11-08T05:20:46GMT-06:00,XOF,,English
Country Code,,"crm,enterprise,mdm",1,Simple Approval Process,Approved,Country Reference Data Type Bobby,,2021-11-01T18:09:17GMT-06:00,,cusadmin,2021-11-08T05:20:48GMT-06:00,JM,Jamaica,,,,2021-11-01T18:19:22GMT-06:00,,cusadmin,2021-11-08T05:20:46GMT-06:00,JMD,,English
Country Code,,"crm,enterprise,mdm",1,Simple Approval Process,Approved,Country Reference Data Type Bobby,,2021-11-01T18:09:17GMT-06:00,,cusadmin,2021-11-08T05:20:48GMT-06:00,JP,Japan,,,,2021-11-01T18:19:22GMT-06:00,,cusadmin,2021-11-08T05:20:46GMT-06:00,JPY,,English
Country Code,,"crm,enterprise,mdm",1,Simple Approval Process,Approved,Country Reference Data Type Bobby,,2021-11-01T18:09:17GMT-06:00,,cusadmin,2021-11-08T05:20:48GMT-06:00,JE,Jersey,,,,2021-11-01T18:19:22GMT-06:00,,cusadmin,2021-11-08T05:20:46GMT-06:00,GBP,,English
Country Code,,"crm,enterprise,mdm",1,Simple Approval Process,Approved,Country Reference Data Type Bobby,,2021-11-01T18:09:17GMT-06:00,,cusadmin,2021-11-08T05:20:48GMT-06:00,JO,Jordan,,,,2021-11-01T18:19:22GMT-06:00,,cusadmin,2021-11-08T05:20:46GMT-06:00,JOD,,English
Country Code,,"crm,enterprise,mdm",1,Simple Approval Process,Approved,Country Reference Data Type Bobby,,2021-11-01T18:09:17GMT-06:00,,cusadmin,2021-11-08T05:20:48GMT-06:00,KZ,Kazakhstan,,,,2021-11-01T18:19:22GMT-06:00,,cusadmin,2021-11-08T05:20:46GMT-06:00,KZT,,English
Country Code,,"crm,enterprise,mdm",1,Simple Approval Process,Approved,Country Reference Data Type Bobby,,2021-11-01T18:09:17GMT-06:00,,cusadmin,2021-11-08T05:20:48GMT-06:00,KE,Kenya,,,,2021-11-01T18:19:22GMT-06:00,,cusadmin,2021-11-08T05:20:46GMT-06:00,KES,,English
Country Code,,"crm,enterprise,mdm",1,Simple Approval Process,Approved,Country Reference Data Type Bobby,,2021-11-01T18:09:17GMT-06:00,,cusadmin,2021-11-08T05:20:48GMT-06:00,KI,Kiribati,,,,2021-11-01T18:19:22GMT-06:00,,cusadmin,2021-11-08T05:20:46GMT-06:00,AUD,,English
Country Code,,"crm,enterprise,mdm",1,Simple Approval Process,Approved,Country Reference Data Type Bobby,,2021-11-01T18:09:17GMT-06:00,,cusadmin,2021-11-08T05:20:48GMT-06:00,KP,Korea North,,,,2021-11-01T18:19:22GMT-06:00,,cusadmin,2021-11-08T05:20:46GMT-06:00,KPW,,English
Country Code,,"crm,enterprise,mdm",1,Simple Approval Process,Approved,Country Reference Data Type Bobby,,2021-11-01T18:09:17GMT-06:00,,cusadmin,2021-11-08T05:20:48GMT-06:00,KR,Korea South,,,,2021-11-01T18:19:22GMT-06:00,,cusadmin,2021-11-08T05:20:46GMT-06:00,KRW,,English
Country Code,,"crm,enterprise,mdm",1,Simple Approval Process,Approved,Country Reference Data Type Bobby,,2021-11-01T18:09:17GMT-06:00,,cusadmin,2021-11-08T05:20:48GMT-06:00,KW,Kuwait,,,,2021-11-01T18:19:22GMT-06:00,,cusadmin,2021-11-08T05:20:46GMT-06:00,KWD,,English
Country Code,,"crm,enterprise,mdm",1,Simple Approval Process,Approved,Country Reference Data Type Bobby,,2021-11-01T18:09:17GMT-06:00,,cusadmin,2021-11-08T05:20:48GMT-06:00,KG,Kyrgyzstan,,,,2021-11-01T18:19:22GMT-06:00,,cusadmin,2021-11-08T05:20:46GMT-06:00,KGS,,English
Country Code,,"crm,enterprise,mdm",1,Simple Approval Process,Approved,Country Reference Data Type Bobby,,2021-11-01T18:09:17GMT-06:00,,cusadmin,2021-11-08T05:20:48GMT-06:00,LA,Laos,,,,2021-11-01T18:19:22GMT-06:00,,cusadmin,2021-11-08T05:20:46GMT-06:00,LAK,,English
Country Code,,"crm,enterprise,mdm",1,Simple Approval Process,Approved,Country Reference Data Type Bobby,,2021-11-01T18:09:17GMT-06:00,,cusadmin,2021-11-08T05:20:48GMT-06:00,LV,Latvia,,,,2021-11-01T18:19:22GMT-06:00,,cusadmin,2021-11-08T05:20:46GMT-06:00,LVL,,English
Country Code,,"crm,enterprise,mdm",1,Simple Approval Process,Approved,Country Reference Data Type Bobby,,2021-11-01T18:09:17GMT-06:00,,cusadmin,2021-11-08T05:20:48GMT-06:00,LB,Lebanon,,,,2021-11-01T18:19:22GMT-06:00,,cusadmin,2021-11-08T05:20:46GMT-06:00,LBP,,English
Country Code,,"crm,enterprise,mdm",1,Simple Approval Process,Approved,Country Reference Data Type Bobby,,2021-11-01T18:09:17GMT-06:00,,cusadmin,2021-11-08T05:20:48GMT-06:00,LS,Lesotho,,,,2021-11-01T18:19:22GMT-06:00,,cusadmin,2021-11-08T05:20:46GMT-06:00,LSL,,English
Country Code,,"crm,enterprise,mdm",1,Simple Approval Process,Approved,Country Reference Data Type Bobby,,2021-11-01T18:09:17GMT-06:00,,cusadmin,2021-11-08T05:20:48GMT-06:00,LR,Liberia,,,,2021-11-01T18:19:22GMT-06:00,,cusadmin,2021-11-08T05:20:46GMT-06:00,LRD,,English
Country Code,,"crm,enterprise,mdm",1,Simple Approval Process,Approved,Country Reference Data Type Bobby,,2021-11-01T18:09:17GMT-06:00,,cusadmin,2021-11-08T05:20:48GMT-06:00,LY,Libyan Arab Jamahiriya,,,,2021-11-01T18:19:22GMT-06:00,,cusadmin,2021-11-08T05:20:46GMT-06:00,LYD,,English
Country Code,,"crm,enterprise,mdm",1,Simple Approval Process,Approved,Country Reference Data Type Bobby,,2021-11-01T18:09:17GMT-06:00,,cusadmin,2021-11-08T05:20:48GMT-06:00,LI,Liechtenstein,,,,2021-11-01T18:19:22GMT-06:00,,cusadmin,2021-11-08T05:20:46GMT-06:00,CHF,,English
Country Code,,"crm,enterprise,mdm",1,Simple Approval Process,Approved,Country Reference Data Type Bobby,,2021-11-01T18:09:17GMT-06:00,,cusadmin,2021-11-08T05:20:48GMT-06:00,LT,Lithuania,,,,2021-11-01T18:19:22GMT-06:00,,cusadmin,2021-11-08T05:20:46GMT-06:00,LTL,,English
Country Code,,"crm,enterprise,mdm",1,Simple Approval Process,Approved,Country Reference Data Type Bobby,,2021-11-01T18:09:17GMT-06:00,,cusadmin,2021-11-08T05:20:48GMT-06:00,LU,Luxembourg,,,,2021-11-01T18:19:22GMT-06:00,,cusadmin,2021-11-08T05:20:46GMT-06:00,EUR,,English
Country Code,,"crm,enterprise,mdm",1,Simple Approval Process,Approved,Country Reference Data Type Bobby,,2021-11-01T18:09:17GMT-06:00,,cusadmin,2021-11-08T05:20:48GMT-06:00,MO,Macao S.A.R.,,,,2021-11-01T18:19:22GMT-06:00,,cusadmin,2021-11-08T05:20:46GMT-06:00,MOP,,English
Country Code,,"crm,enterprise,mdm",1,Simple Approval Process,Approved,Country Reference Data Type Bobby,,2021-11-01T18:09:17GMT-06:00,,cusadmin,2021-11-08T05:20:48GMT-06:00,MK,Macedonia,,,,2021-11-01T18:19:22GMT-06:00,,cusadmin,2021-11-08T05:20:46GMT-06:00,MKD,,English
Country Code,,"crm,enterprise,mdm",1,Simple Approval Process,Approved,Country Reference Data Type Bobby,,2021-11-01T18:09:17GMT-06:00,,cusadmin,2021-11-08T05:20:48GMT-06:00,MG,Madagascar,,,,2021-11-01T18:19:22GMT-06:00,,cusadmin,2021-11-08T05:20:46GMT-06:00,MGA,,English
Country Code,,"crm,enterprise,mdm",1,Simple Approval Process,Approved,Country Reference Data Type Bobby,,2021-11-01T18:09:17GMT-06:00,,cusadmin,2021-11-08T05:20:48GMT-06:00,MW,Malawi,,,,2021-11-01T18:19:22GMT-06:00,,cusadmin,2021-11-08T05:20:46GMT-06:00,MWK,,English
Country Code,,"crm,enterprise,mdm",1,Simple Approval Process,Approved,Country Reference Data Type Bobby,,2021-11-01T18:09:17GMT-06:00,,cusadmin,2021-11-08T05:20:48GMT-06:00,MY,Malaysia,,,,2021-11-01T18:19:22GMT-06:00,,cusadmin,2021-11-08T05:20:46GMT-06:00,MYR,,English
Country Code,,"crm,enterprise,mdm",1,Simple Approval Process,Approved,Country Reference Data Type Bobby,,2021-11-01T18:09:17GMT-06:00,,cusadmin,2021-11-08T05:20:48GMT-06:00,MV,Maldives,,,,2021-11-01T18:19:22GMT-06:00,,cusadmin,2021-11-08T05:20:46GMT-06:00,MVR,,English
Country Code,,"crm,enterprise,mdm",1,Simple Approval Process,Approved,Country Reference Data Type Bobby,,2021-11-01T18:09:17GMT-06:00,,cusadmin,2021-11-08T05:20:48GMT-06:00,ML,Mali,,,,2021-11-01T18:19:22GMT-06:00,,cusadmin,2021-11-08T05:20:46GMT-06:00,XOF,,English
Country Code,,"crm,enterprise,mdm",1,Simple Approval Process,Approved,Country Reference Data Type Bobby,,2021-11-01T18:09:17GMT-06:00,,cusadmin,2021-11-08T05:20:48GMT-06:00,MT,Malta,,,,2021-11-01T18:19:22GMT-06:00,,cusadmin,2021-11-08T05:20:46GMT-06:00,MTL,,English
Country Code,,"crm,enterprise,mdm",1,Simple Approval Process,Approved,Country Reference Data Type Bobby,,2021-11-01T18:09:17GMT-06:00,,cusadmin,2021-11-08T05:20:48GMT-06:00,MH,Marshall Islands,,,,2021-11-01T18:19:22GMT-06:00,,cusadmin,2021-11-08T05:20:46GMT-06:00,USD,,English
Country Code,,"crm,enterprise,mdm",1,Simple Approval Process,Approved,Country Reference Data Type Bobby,,2021-11-01T18:09:17GMT-06:00,,cusadmin,2021-11-08T05:20:48GMT-06:00,MQ,Martinique,,,,2021-11-01T18:19:22GMT-06:00,,cusadmin,2021-11-08T05:20:46GMT-06:00,EUR,,English
Country Code,,"crm,enterprise,mdm",1,Simple Approval Process,Approved,Country Reference Data Type Bobby,,2021-11-01T18:09:17GMT-06:00,,cusadmin,2021-11-08T05:20:48GMT-06:00,MR,Mauritania,,,,2021-11-01T18:19:22GMT-06:00,,cusadmin,2021-11-08T05:20:46GMT-06:00,MRO,,English
Country Code,,"crm,enterprise,mdm",1,Simple Approval Process,Approved,Country Reference Data Type Bobby,,2021-11-01T18:09:17GMT-06:00,,cusadmin,2021-11-08T05:20:48GMT-06:00,MU,Mauritius,,,,2021-11-01T18:19:22GMT-06:00,,cusadmin,2021-11-08T05:20:46GMT-06:00,MUR,,English
Country Code,,"crm,enterprise,mdm",1,Simple Approval Process,Approved,Country Reference Data Type Bobby,,2021-11-01T18:09:17GMT-06:00,,cusadmin,2021-11-08T05:20:48GMT-06:00,YT,Mayotte,,,,2021-11-01T18:19:22GMT-06:00,,cusadmin,2021-11-08T05:20:46GMT-06:00,EUR,,English
Country Code,,"crm,enterprise,mdm",1,Simple Approval Process,Approved,Country Reference Data Type Bobby,,2021-11-01T18:09:17GMT-06:00,,cusadmin,2021-11-08T05:20:48GMT-06:00,MX,Mexico,,,,2021-11-01T18:19:22GMT-06:00,,cusadmin,2021-11-08T05:20:46GMT-06:00,MXN,,English
Country Code,,"crm,enterprise,mdm",1,Simple Approval Process,Approved,Country Reference Data Type Bobby,,2021-11-01T18:09:17GMT-06:00,,cusadmin,2021-11-08T05:20:48GMT-06:00,FM,Micronesia Federated States of,,,,2021-11-01T18:19:22GMT-06:00,,cusadmin,2021-11-08T05:20:46GMT-06:00,USD,,English
Country Code,,"crm,enterprise,mdm",1,Simple Approval Process,Approved,Country Reference Data Type Bobby,,2021-11-01T18:09:17GMT-06:00,,cusadmin,2021-11-08T05:20:48GMT-06:00,MD,Moldova Republic of,,,,2021-11-01T18:19:22GMT-06:00,,cusadmin,2021-11-08T05:20:46GMT-06:00,MDL,,English
Country Code,,"crm,enterprise,mdm",1,Simple Approval Process,Approved,Country Reference Data Type Bobby,,2021-11-01T18:09:17GMT-06:00,,cusadmin,2021-11-08T05:20:48GMT-06:00,MC,Monaco,,,,2021-11-01T18:19:22GMT-06:00,,cusadmin,2021-11-08T05:20:46GMT-06:00,EUR,,English
Country Code,,"crm,enterprise,mdm",1,Simple Approval Process,Approved,Country Reference Data Type Bobby,,2021-11-01T18:09:17GMT-06:00,,cusadmin,2021-11-08T05:20:48GMT-06:00,MN,Mongolia,,,,2021-11-01T18:19:22GMT-06:00,,cusadmin,2021-11-08T05:20:46GMT-06:00,MNT,,English
Country Code,,"crm,enterprise,mdm",1,Simple Approval Process,Approved,Country Reference Data Type Bobby,,2021-11-01T18:09:17GMT-06:00,,cusadmin,2021-11-08T05:20:48GMT-06:00,ME,Montenegro,,,,2021-11-01T18:19:23GMT-06:00,,cusadmin,2021-11-08T05:20:46GMT-06:00,EUR,,English
Country Code,,"crm,enterprise,mdm",1,Simple Approval Process,Approved,Country Reference Data Type Bobby,,2021-11-01T18:09:17GMT-06:00,,cusadmin,2021-11-08T05:20:48GMT-06:00,MS,Montserrat,,,,2021-11-01T18:19:22GMT-06:00,,cusadmin,2021-11-08T05:20:46GMT-06:00,XCD,,English
Country Code,,"crm,enterprise,mdm",1,Simple Approval Process,Approved,Country Reference Data Type Bobby,,2021-11-01T18:09:17GMT-06:00,,cusadmin,2021-11-08T05:20:48GMT-06:00,MA,Morocco,,,,2021-11-01T18:19:22GMT-06:00,,cusadmin,2021-11-08T05:20:46GMT-06:00,MAD,,English
Country Code,,"crm,enterprise,mdm",1,Simple Approval Process,Approved,Country Reference Data Type Bobby,,2021-11-01T18:09:17GMT-06:00,,cusadmin,2021-11-08T05:20:48GMT-06:00,MZ,Mozambique,,,,2021-11-01T18:19:22GMT-06:00,,cusadmin,2021-11-08T05:20:46GMT-06:00,MZN,,English
Country Code,,"crm,enterprise,mdm",1,Simple Approval Process,Approved,Country Reference Data Type Bobby,,2021-11-01T18:09:17GMT-06:00,,cusadmin,2021-11-08T05:20:48GMT-06:00,MM,Myanmar,,,,2021-11-01T18:19:22GMT-06:00,,cusadmin,2021-11-08T05:20:47GMT-06:00,MMK,,English
Country Code,,"crm,enterprise,mdm",1,Simple Approval Process,Approved,Country Reference Data Type Bobby,,2021-11-01T18:09:17GMT-06:00,,cusadmin,2021-11-08T05:20:48GMT-06:00,NA,Namibia,,,,2021-11-01T18:19:22GMT-06:00,,cusadmin,2021-11-08T05:20:47GMT-06:00,NAD,,English
Country Code,,"crm,enterprise,mdm",1,Simple Approval Process,Approved,Country Reference Data Type Bobby,,2021-11-01T18:09:17GMT-06:00,,cusadmin,2021-11-08T05:20:48GMT-06:00,NR,Nauru,,,,2021-11-01T18:19:22GMT-06:00,,cusadmin,2021-11-08T05:20:47GMT-06:00,AUD,,English
Country Code,,"crm,enterprise,mdm",1,Simple Approval Process,Approved,Country Reference Data Type Bobby,,2021-11-01T18:09:17GMT-06:00,,cusadmin,2021-11-08T05:20:48GMT-06:00,NP,Nepal,,,,2021-11-01T18:19:22GMT-06:00,,cusadmin,2021-11-08T05:20:47GMT-06:00,NPR,,English
Country Code,,"crm,enterprise,mdm",1,Simple Approval Process,Approved,Country Reference Data Type Bobby,,2021-11-01T18:09:17GMT-06:00,,cusadmin,2021-11-08T05:20:48GMT-06:00,NL,Netherlands,,,,2021-11-01T18:19:22GMT-06:00,,cusadmin,2021-11-08T05:20:47GMT-06:00,EUR,,English
Country Code,,"crm,enterprise,mdm",1,Simple Approval Process,Approved,Country Reference Data Type Bobby,,2021-11-01T18:09:17GMT-06:00,,cusadmin,2021-11-08T05:20:48GMT-06:00,AN,Netherlands Antilles,,,,2021-11-01T18:19:22GMT-06:00,,cusadmin,2021-11-08T05:20:47GMT-06:00,ANG,,English
Country Code,,"crm,enterprise,mdm",1,Simple Approval Process,Approved,Country Reference Data Type Bobby,,2021-11-01T18:09:17GMT-06:00,,cusadmin,2021-11-08T05:20:48GMT-06:00,NC,New Caledonia,,,,2021-11-01T18:19:22GMT-06:00,,cusadmin,2021-11-08T05:20:47GMT-06:00,XPF,,English
Country Code,,"crm,enterprise,mdm",1,Simple Approval Process,Approved,Country Reference Data Type Bobby,,2021-11-01T18:09:17GMT-06:00,,cusadmin,2021-11-08T05:20:48GMT-06:00,NZ,New Zealand,,,,2021-11-01T18:19:22GMT-06:00,,cusadmin,2021-11-08T05:20:47GMT-06:00,NZD,,English
Country Code,,"crm,enterprise,mdm",1,Simple Approval Process,Approved,Country Reference Data Type Bobby,,2021-11-01T18:09:17GMT-06:00,,cusadmin,2021-11-08T05:20:48GMT-06:00,NI,Nicaragua,,,,2021-11-01T18:19:22GMT-06:00,,cusadmin,2021-11-08T05:20:47GMT-06:00,NIO,,English
Country Code,,"crm,enterprise,mdm",1,Simple Approval Process,Approved,Country Reference Data Type Bobby,,2021-11-01T18:09:17GMT-06:00,,cusadmin,2021-11-08T05:20:48GMT-06:00,NE,Niger,,,,2021-11-01T18:19:22GMT-06:00,,cusadmin,2021-11-08T05:20:47GMT-06:00,XOF,,English
Country Code,,"crm,enterprise,mdm",1,Simple Approval Process,Approved,Country Reference Data Type Bobby,,2021-11-01T18:09:17GMT-06:00,,cusadmin,2021-11-08T05:20:48GMT-06:00,NG,Nigeria,,,,2021-11-01T18:19:22GMT-06:00,,cusadmin,2021-11-08T05:20:47GMT-06:00,NGN,,English
Country Code,,"crm,enterprise,mdm",1,Simple Approval Process,Approved,Country Reference Data Type Bobby,,2021-11-01T18:09:17GMT-06:00,,cusadmin,2021-11-08T05:20:48GMT-06:00,NU,Niue,,,,2021-11-01T18:19:22GMT-06:00,,cusadmin,2021-11-08T05:20:47GMT-06:00,NZD,,English
Country Code,,"crm,enterprise,mdm",1,Simple Approval Process,Approved,Country Reference Data Type Bobby,,2021-11-01T18:09:17GMT-06:00,,cusadmin,2021-11-08T05:20:48GMT-06:00,NF,Norfolk Island,,,,2021-11-01T18:19:22GMT-06:00,,cusadmin,2021-11-08T05:20:47GMT-06:00,AUD,,English
Country Code,,"crm,enterprise,mdm",1,Simple Approval Process,Approved,Country Reference Data Type Bobby,,2021-11-01T18:09:17GMT-06:00,,cusadmin,2021-11-08T05:20:48GMT-06:00,MP,Northern Mariana Islands,,,,2021-11-01T18:19:22GMT-06:00,,cusadmin,2021-11-08T05:20:47GMT-06:00,USD,,English
Country Code,,"crm,enterprise,mdm",1,Simple Approval Process,Approved,Country Reference Data Type Bobby,,2021-11-01T18:09:17GMT-06:00,,cusadmin,2021-11-08T05:20:48GMT-06:00,NO,Norway,,,,2021-11-01T18:19:22GMT-06:00,,cusadmin,2021-11-08T05:20:47GMT-06:00,NOK,,English
Country Code,,"crm,enterprise,mdm",1,Simple Approval Process,Approved,Country Reference Data Type Bobby,,2021-11-01T18:09:17GMT-06:00,,cusadmin,2021-11-08T05:20:48GMT-06:00,OM,Oman,,,,2021-11-01T18:19:22GMT-06:00,,cusadmin,2021-11-08T05:20:47GMT-06:00,OMR,,English
Country Code,,"crm,enterprise,mdm",1,Simple Approval Process,Approved,Country Reference Data Type Bobby,,2021-11-01T18:09:17GMT-06:00,,cusadmin,2021-11-08T05:20:48GMT-06:00,PK,Pakistan,,,,2021-11-01T18:19:22GMT-06:00,,cusadmin,2021-11-08T05:20:47GMT-06:00,PKR,,English
Country Code,,"crm,enterprise,mdm",1,Simple Approval Process,Approved,Country Reference Data Type Bobby,,2021-11-01T18:09:17GMT-06:00,,cusadmin,2021-11-08T05:20:48GMT-06:00,PW,Palau,,,,2021-11-01T18:19:22GMT-06:00,,cusadmin,2021-11-08T05:20:47GMT-06:00,USD,,English
Country Code,,"crm,enterprise,mdm",1,Simple Approval Process,Approved,Country Reference Data Type Bobby,,2021-11-01T18:09:17GMT-06:00,,cusadmin,2021-11-08T05:20:48GMT-06:00,PS,Palestinian Territory,,,,2021-11-01T18:19:23GMT-06:00,,cusadmin,2021-11-08T05:20:47GMT-06:00,JOD,,English
Country Code,,"crm,enterprise,mdm",1,Simple Approval Process,Approved,Country Reference Data Type Bobby,,2021-11-01T18:09:17GMT-06:00,,cusadmin,2021-11-08T05:20:48GMT-06:00,PA,Panama,,,,2021-11-01T18:19:22GMT-06:00,,cusadmin,2021-11-08T05:20:47GMT-06:00,PAB,,English
Country Code,,"crm,enterprise,mdm",1,Simple Approval Process,Approved,Country Reference Data Type Bobby,,2021-11-01T18:09:17GMT-06:00,,cusadmin,2021-11-08T05:20:48GMT-06:00,PG,Papua New Guinea,,,,2021-11-01T18:19:22GMT-06:00,,cusadmin,2021-11-08T05:20:47GMT-06:00,PGK,,English
Country Code,,"crm,enterprise,mdm",1,Simple Approval Process,Approved,Country Reference Data Type Bobby,,2021-11-01T18:09:17GMT-06:00,,cusadmin,2021-11-08T05:20:48GMT-06:00,PY,Paraguay,,,,2021-11-01T18:19:22GMT-06:00,,cusadmin,2021-11-08T05:20:47GMT-06:00,PYG,,English
Country Code,,"crm,enterprise,mdm",1,Simple Approval Process,Approved,Country Reference Data Type Bobby,,2021-11-01T18:09:17GMT-06:00,,cusadmin,2021-11-08T05:20:48GMT-06:00,PE,Peru,,,,2021-11-01T18:19:22GMT-06:00,,cusadmin,2021-11-08T05:20:47GMT-06:00,PEN,,English
Country Code,,"crm,enterprise,mdm",1,Simple Approval Process,Approved,Country Reference Data Type Bobby,,2021-11-01T18:09:17GMT-06:00,,cusadmin,2021-11-08T05:20:48GMT-06:00,PH,Philippines,,,,2021-11-01T18:19:22GMT-06:00,,cusadmin,2021-11-08T05:20:47GMT-06:00,PHP,,English
Country Code,,"crm,enterprise,mdm",1,Simple Approval Process,Approved,Country Reference Data Type Bobby,,2021-11-01T18:09:17GMT-06:00,,cusadmin,2021-11-08T05:20:48GMT-06:00,PN,Pitcairn,,,,2021-11-01T18:19:22GMT-06:00,,cusadmin,2021-11-08T05:20:47GMT-06:00,NZD,,English
Country Code,,"crm,enterprise,mdm",1,Simple Approval Process,Approved,Country Reference Data Type Bobby,,2021-11-01T18:09:17GMT-06:00,,cusadmin,2021-11-08T05:20:48GMT-06:00,PL,Poland,,,,2021-11-01T18:19:22GMT-06:00,,cusadmin,2021-11-08T05:20:47GMT-06:00,PLN,,English
Country Code,,"crm,enterprise,mdm",1,Simple Approval Process,Approved,Country Reference Data Type Bobby,,2021-11-01T18:09:17GMT-06:00,,cusadmin,2021-11-08T05:20:48GMT-06:00,PT,Portugal,,,,2021-11-01T18:19:22GMT-06:00,,cusadmin,2021-11-08T05:20:47GMT-06:00,EUR,,English
Country Code,,"crm,enterprise,mdm",1,Simple Approval Process,Approved,Country Reference Data Type Bobby,,2021-11-01T18:09:17GMT-06:00,,cusadmin,2021-11-08T05:20:48GMT-06:00,PR,Puerto Rico,,,,2021-11-01T18:19:22GMT-06:00,,cusadmin,2021-11-08T05:20:47GMT-06:00,USD,,English
Country Code,,"crm,enterprise,mdm",1,Simple Approval Process,Approved,Country Reference Data Type Bobby,,2021-11-01T18:09:17GMT-06:00,,cusadmin,2021-11-08T05:20:48GMT-06:00,QA,Qatar,,,,2021-11-01T18:19:22GMT-06:00,,cusadmin,2021-11-08T05:20:47GMT-06:00,QAR,,English
Country Code,,"crm,enterprise,mdm",1,Simple Approval Process,Approved,Country Reference Data Type Bobby,,2021-11-01T18:09:17GMT-06:00,,cusadmin,2021-11-08T05:20:48GMT-06:00,RE,Reunion,,,,2021-11-01T18:19:22GMT-06:00,,cusadmin,2021-11-08T05:20:47GMT-06:00,EUR,,English
Country Code,,"crm,enterprise,mdm",1,Simple Approval Process,Approved,Country Reference Data Type Bobby,,2021-11-01T18:09:17GMT-06:00,,cusadmin,2021-11-08T05:20:48GMT-06:00,RO,Romania,,,,2021-11-01T18:19:22GMT-06:00,,cusadmin,2021-11-08T05:20:47GMT-06:00,RON,,English
Country Code,,"crm,enterprise,mdm",1,Simple Approval Process,Approved,Country Reference Data Type Bobby,,2021-11-01T18:09:17GMT-06:00,,cusadmin,2021-11-08T05:20:48GMT-06:00,RU,Russian Federation,,,,2021-11-01T18:19:22GMT-06:00,,cusadmin,2021-11-08T05:20:47GMT-06:00,RUB,,English
Country Code,,"crm,enterprise,mdm",1,Simple Approval Process,Approved,Country Reference Data Type Bobby,,2021-11-01T18:09:17GMT-06:00,,cusadmin,2021-11-08T05:20:48GMT-06:00,RW,Rwanda,,,,2021-11-01T18:19:22GMT-06:00,,cusadmin,2021-11-08T05:20:47GMT-06:00,RWF,,English
Country Code,,"crm,enterprise,mdm",1,Simple Approval Process,Approved,Country Reference Data Type Bobby,,2021-11-01T18:09:17GMT-06:00,,cusadmin,2021-11-08T05:20:48GMT-06:00,BL,Saint Barthelemy,,,,2021-11-01T18:19:23GMT-06:00,,cusadmin,2021-11-08T05:20:47GMT-06:00,EUR,,English
Country Code,,"crm,enterprise,mdm",1,Simple Approval Process,Approved,Country Reference Data Type Bobby,,2021-11-01T18:09:17GMT-06:00,,cusadmin,2021-11-08T05:20:48GMT-06:00,SH,Saint Helena,,,,2021-11-01T18:19:23GMT-06:00,,cusadmin,2021-11-08T05:20:47GMT-06:00,GBP,,English
Country Code,,"crm,enterprise,mdm",1,Simple Approval Process,Approved,Country Reference Data Type Bobby,,2021-11-01T18:09:17GMT-06:00,,cusadmin,2021-11-08T05:20:48GMT-06:00,KN,Saint Kitts,,,,2021-11-01T18:19:22GMT-06:00,,cusadmin,2021-11-08T05:20:47GMT-06:00,XCD,,English
Country Code,,"crm,enterprise,mdm",1,Simple Approval Process,Approved,Country Reference Data Type Bobby,,2021-11-01T18:09:17GMT-06:00,,cusadmin,2021-11-08T05:20:48GMT-06:00,LC,Saint Lucia,,,,2021-11-01T18:19:22GMT-06:00,,cusadmin,2021-11-08T05:20:47GMT-06:00,XCD,,English
Country Code,,"crm,enterprise,mdm",1,Simple Approval Process,Approved,Country Reference Data Type Bobby,,2021-11-01T18:09:17GMT-06:00,,cusadmin,2021-11-08T05:20:48GMT-06:00,MF,Saint Martin (French part),,,,2021-11-01T18:19:23GMT-06:00,,cusadmin,2021-11-08T05:20:47GMT-06:00,ANG,,English
Country Code,,"crm,enterprise,mdm",1,Simple Approval Process,Approved,Country Reference Data Type Bobby,,2021-11-01T18:09:17GMT-06:00,,cusadmin,2021-11-08T05:20:48GMT-06:00,PM,Saint Pierre and Miquelon,,,,2021-11-01T18:19:23GMT-06:00,,cusadmin,2021-11-08T05:20:47GMT-06:00,EUR,,English
Country Code,,"crm,enterprise,mdm",1,Simple Approval Process,Approved,Country Reference Data Type Bobby,,2021-11-01T18:09:17GMT-06:00,,cusadmin,2021-11-08T05:20:48GMT-06:00,VC,Saint Vincent Grenadines,,,,2021-11-01T18:19:22GMT-06:00,,cusadmin,2021-11-08T05:20:47GMT-06:00,XCD,,English
Country Code,,"crm,enterprise,mdm",1,Simple Approval Process,Approved,Country Reference Data Type Bobby,,2021-11-01T18:09:17GMT-06:00,,cusadmin,2021-11-08T05:20:48GMT-06:00,WS,Samoa,,,,2021-11-01T18:19:22GMT-06:00,,cusadmin,2021-11-08T05:20:47GMT-06:00,EUR,,English
Country Code,,"crm,enterprise,mdm",1,Simple Approval Process,Approved,Country Reference Data Type Bobby,,2021-11-01T18:09:17GMT-06:00,,cusadmin,2021-11-08T05:20:48GMT-06:00,SM,San Marino,,,,2021-11-01T18:19:22GMT-06:00,,cusadmin,2021-11-08T05:20:47GMT-06:00,EUR,,English
Country Code,,"crm,enterprise,mdm",1,Simple Approval Process,Approved,Country Reference Data Type Bobby,,2021-11-01T18:09:17GMT-06:00,,cusadmin,2021-11-08T05:20:48GMT-06:00,ST,Sao Tome and Principe,,,,2021-11-01T18:19:22GMT-06:00,,cusadmin,2021-11-08T05:20:47GMT-06:00,STD,,English
Country Code,,"crm,enterprise,mdm",1,Simple Approval Process,Approved,Country Reference Data Type Bobby,,2021-11-01T18:09:17GMT-06:00,,cusadmin,2021-11-08T05:20:48GMT-06:00,SA,Saudi Arabia,,,,2021-11-01T18:19:22GMT-06:00,,cusadmin,2021-11-08T05:20:47GMT-06:00,SAR,,English
Country Code,,"crm,enterprise,mdm",1,Simple Approval Process,Approved,Country Reference Data Type Bobby,,2021-11-01T18:09:17GMT-06:00,,cusadmin,2021-11-08T05:20:48GMT-06:00,SN,Senegal,,,,2021-11-01T18:19:22GMT-06:00,,cusadmin,2021-11-08T05:20:47GMT-06:00,XOF,,English
Country Code,,"crm,enterprise,mdm",1,Simple Approval Process,Approved,Country Reference Data Type Bobby,,2021-11-01T18:09:17GMT-06:00,,cusadmin,2021-11-08T05:20:48GMT-06:00,RS,Serbia,,,,2021-11-01T18:19:23GMT-06:00,,cusadmin,2021-11-08T05:20:47GMT-06:00,RSD,,English
Country Code,,"crm,enterprise,mdm",1,Simple Approval Process,Approved,Country Reference Data Type Bobby,,2021-11-01T18:09:17GMT-06:00,,cusadmin,2021-11-08T05:20:48GMT-06:00,SC,Seychelles,,,,2021-11-01T18:19:22GMT-06:00,,cusadmin,2021-11-08T05:20:47GMT-06:00,SCR,,English
Country Code,,"crm,enterprise,mdm",1,Simple Approval Process,Approved,Country Reference Data Type Bobby,,2021-11-01T18:09:17GMT-06:00,,cusadmin,2021-11-08T05:20:48GMT-06:00,SL,Sierra Leone,,,,2021-11-01T18:19:22GMT-06:00,,cusadmin,2021-11-08T05:20:47GMT-06:00,SLL,,English
Country Code,,"crm,enterprise,mdm",1,Simple Approval Process,Approved,Country Reference Data Type Bobby,,2021-11-01T18:09:17GMT-06:00,,cusadmin,2021-11-08T05:20:48GMT-06:00,SG,Singapore,,,,2021-11-01T18:19:22GMT-06:00,,cusadmin,2021-11-08T05:20:47GMT-06:00,SGD,,English
Country Code,,"crm,enterprise,mdm",1,Simple Approval Process,Approved,Country Reference Data Type Bobby,,2021-11-01T18:09:17GMT-06:00,,cusadmin,2021-11-08T05:20:48GMT-06:00,SK,Slovakia (Slovak Republic),,,,2021-11-01T18:19:22GMT-06:00,,cusadmin,2021-11-08T05:20:47GMT-06:00,SKK,,English
Country Code,,"crm,enterprise,mdm",1,Simple Approval Process,Approved,Country Reference Data Type Bobby,,2021-11-01T18:09:17GMT-06:00,,cusadmin,2021-11-08T05:20:48GMT-06:00,SI,Slovenia,,,,2021-11-01T18:19:22GMT-06:00,,cusadmin,2021-11-08T05:20:47GMT-06:00,EUR,,English
Country Code,,"crm,enterprise,mdm",1,Simple Approval Process,Approved,Country Reference Data Type Bobby,,2021-11-01T18:09:17GMT-06:00,,cusadmin,2021-11-08T05:20:48GMT-06:00,SB,Solomon Islands,,,,2021-11-01T18:19:22GMT-06:00,,cusadmin,2021-11-08T05:20:47GMT-06:00,SBD,,English
Country Code,,"crm,enterprise,mdm",1,Simple Approval Process,Approved,Country Reference Data Type Bobby,,2021-11-01T18:09:17GMT-06:00,,cusadmin,2021-11-08T05:20:48GMT-06:00,SO,Somalia,,,,2021-11-01T18:19:22GMT-06:00,,cusadmin,2021-11-08T05:20:47GMT-06:00,SOS,,English
Country Code,,"crm,enterprise,mdm",1,Simple Approval Process,Approved,Country Reference Data Type Bobby,,2021-11-01T18:09:17GMT-06:00,,cusadmin,2021-11-08T05:20:48GMT-06:00,ZA,South Africa,,,,2021-11-01T18:19:22GMT-06:00,,cusadmin,2021-11-08T05:20:47GMT-06:00,ZAR,,English
Country Code,,"crm,enterprise,mdm",1,Simple Approval Process,Approved,Country Reference Data Type Bobby,,2021-11-01T18:09:17GMT-06:00,,cusadmin,2021-11-08T05:20:48GMT-06:00,GS,South Georgia and the South Sandwich Islands,,,,2021-11-01T18:19:22GMT-06:00,,cusadmin,2021-11-08T05:20:47GMT-06:00,GBP,,English
Country Code,,"crm,enterprise,mdm",1,Simple Approval Process,Approved,Country Reference Data Type Bobby,,2021-11-01T18:09:17GMT-06:00,,cusadmin,2021-11-08T05:20:48GMT-06:00,ES,Spain,,,,2021-11-01T18:19:22GMT-06:00,,cusadmin,2021-11-08T05:20:47GMT-06:00,EUR,,English
Country Code,,"crm,enterprise,mdm",1,Simple Approval Process,Approved,Country Reference Data Type Bobby,,2021-11-01T18:09:17GMT-06:00,,cusadmin,2021-11-08T05:20:48GMT-06:00,LK,Sri Lanka,,,,2021-11-01T18:19:22GMT-06:00,,cusadmin,2021-11-08T05:20:47GMT-06:00,LKR,,English
Country Code,,"crm,enterprise,mdm",1,Simple Approval Process,Approved,Country Reference Data Type Bobby,,2021-11-01T18:09:17GMT-06:00,,cusadmin,2021-11-08T05:20:48GMT-06:00,SD,Sudan,,,,2021-11-01T18:19:22GMT-06:00,,cusadmin,2021-11-08T05:20:47GMT-06:00,SDG,,English
Country Code,,"crm,enterprise,mdm",1,Simple Approval Process,Approved,Country Reference Data Type Bobby,,2021-11-01T18:09:17GMT-06:00,,cusadmin,2021-11-08T05:20:48GMT-06:00,SR,Suriname,,,,2021-11-01T18:19:22GMT-06:00,,cusadmin,2021-11-08T05:20:47GMT-06:00,SRD,,English
Country Code,,"crm,enterprise,mdm",1,Simple Approval Process,Approved,Country Reference Data Type Bobby,,2021-11-01T18:09:17GMT-06:00,,cusadmin,2021-11-08T05:20:48GMT-06:00,SJ,Svalbard and Jan Mayen Islands,,,,2021-11-01T18:19:22GMT-06:00,,cusadmin,2021-11-08T05:20:47GMT-06:00,NOK,,English
Country Code,,"crm,enterprise,mdm",1,Simple Approval Process,Approved,Country Reference Data Type Bobby,,2021-11-01T18:09:17GMT-06:00,,cusadmin,2021-11-08T05:20:48GMT-06:00,SZ,Swaziland,,,,2021-11-01T18:19:22GMT-06:00,,cusadmin,2021-11-08T05:20:47GMT-06:00,SZL,,English
Country Code,,"crm,enterprise,mdm",1,Simple Approval Process,Approved,Country Reference Data Type Bobby,,2021-11-01T18:09:17GMT-06:00,,cusadmin,2021-11-08T05:20:48GMT-06:00,SE,Sweden,,,,2021-11-01T18:19:22GMT-06:00,,cusadmin,2021-11-08T05:20:47GMT-06:00,SEK,,English
Country Code,,"crm,enterprise,mdm",1,Simple Approval Process,Approved,Country Reference Data Type Bobby,,2021-11-01T18:09:17GMT-06:00,,cusadmin,2021-11-08T05:20:48GMT-06:00,CH,Switzerland,,,,2021-11-01T18:19:22GMT-06:00,,cusadmin,2021-11-08T05:20:47GMT-06:00,CHF,,English
Country Code,,"crm,enterprise,mdm",1,Simple Approval Process,Approved,Country Reference Data Type Bobby,,2021-11-01T18:09:17GMT-06:00,,cusadmin,2021-11-08T05:20:48GMT-06:00,SY,Syrian Arab Republic,,,,2021-11-01T18:19:22GMT-06:00,,cusadmin,2021-11-08T05:20:47GMT-06:00,SYP,,English
Country Code,,"crm,enterprise,mdm",1,Simple Approval Process,Approved,Country Reference Data Type Bobby,,2021-11-01T18:09:17GMT-06:00,,cusadmin,2021-11-08T05:20:48GMT-06:00,TW,Taiwan,,,,2021-11-01T18:19:22GMT-06:00,,cusadmin,2021-11-08T05:20:47GMT-06:00,TWD,,English
Country Code,,"crm,enterprise,mdm",1,Simple Approval Process,Approved,Country Reference Data Type Bobby,,2021-11-01T18:09:17GMT-06:00,,cusadmin,2021-11-08T05:20:48GMT-06:00,TJ,Tajikistan,,,,2021-11-01T18:19:22GMT-06:00,,cusadmin,2021-11-08T05:20:47GMT-06:00,TJS,,English
Country Code,,"crm,enterprise,mdm",1,Simple Approval Process,Approved,Country Reference Data Type Bobby,,2021-11-01T18:09:17GMT-06:00,,cusadmin,2021-11-08T05:20:48GMT-06:00,TZ,Tanzania,,,,2021-11-01T18:19:22GMT-06:00,,cusadmin,2021-11-08T05:20:47GMT-06:00,TZS,,English
Country Code,,"crm,enterprise,mdm",1,Simple Approval Process,Approved,Country Reference Data Type Bobby,,2021-11-01T18:09:17GMT-06:00,,cusadmin,2021-11-08T05:20:48GMT-06:00,TH,Thailand,,,,2021-11-01T18:19:22GMT-06:00,,cusadmin,2021-11-08T05:20:47GMT-06:00,THB,,English
Country Code,,"crm,enterprise,mdm",1,Simple Approval Process,Approved,Country Reference Data Type Bobby,,2021-11-01T18:09:17GMT-06:00,,cusadmin,2021-11-08T05:20:48GMT-06:00,TG,Togo,,,,2021-11-01T18:19:22GMT-06:00,,cusadmin,2021-11-08T05:20:47GMT-06:00,XOF,,English
Country Code,,"crm,enterprise,mdm",1,Simple Approval Process,Approved,Country Reference Data Type Bobby,,2021-11-01T18:09:17GMT-06:00,,cusadmin,2021-11-08T05:20:48GMT-06:00,TK,Tokelau,,,,2021-11-01T18:19:22GMT-06:00,,cusadmin,2021-11-08T05:20:47GMT-06:00,NZD,,English
Country Code,,"crm,enterprise,mdm",1,Simple Approval Process,Approved,Country Reference Data Type Bobby,,2021-11-01T18:09:17GMT-06:00,,cusadmin,2021-11-08T05:20:48GMT-06:00,TO,Tonga,,,,2021-11-01T18:19:22GMT-06:00,,cusadmin,2021-11-08T05:20:47GMT-06:00,TOP,,English
Country Code,,"crm,enterprise,mdm",1,Simple Approval Process,Approved,Country Reference Data Type Bobby,,2021-11-01T18:09:17GMT-06:00,,cusadmin,2021-11-08T05:20:48GMT-06:00,TT,Trinidad and Tobago,,,,2021-11-01T18:19:22GMT-06:00,,cusadmin,2021-11-08T05:20:47GMT-06:00,TTD,,English
Country Code,,"crm,enterprise,mdm",1,Simple Approval Process,Approved,Country Reference Data Type Bobby,,2021-11-01T18:09:17GMT-06:00,,cusadmin,2021-11-08T05:20:48GMT-06:00,TN,Tunisia,,,,2021-11-01T18:19:22GMT-06:00,,cusadmin,2021-11-08T05:20:47GMT-06:00,TND,,English
Country Code,,"crm,enterprise,mdm",1,Simple Approval Process,Approved,Country Reference Data Type Bobby,,2021-11-01T18:09:17GMT-06:00,,cusadmin,2021-11-08T05:20:48GMT-06:00,TR,Turkey,,,,2021-11-01T18:19:22GMT-06:00,,cusadmin,2021-11-08T05:20:47GMT-06:00,TRY,,English
Country Code,,"crm,enterprise,mdm",1,Simple Approval Process,Approved,Country Reference Data Type Bobby,,2021-11-01T18:09:17GMT-06:00,,cusadmin,2021-11-08T05:20:48GMT-06:00,TM,Turkmenistan,,,,2021-11-01T18:19:22GMT-06:00,,cusadmin,2021-11-08T05:20:47GMT-06:00,TMT,,English
Country Code,,"crm,enterprise,mdm",1,Simple Approval Process,Approved,Country Reference Data Type Bobby,,2021-11-01T18:09:17GMT-06:00,,cusadmin,2021-11-08T05:20:48GMT-06:00,TC,Turks and Caicos Islands,,,,2021-11-01T18:19:22GMT-06:00,,cusadmin,2021-11-08T05:20:47GMT-06:00,USD,,English
Country Code,,"crm,enterprise,mdm",1,Simple Approval Process,Approved,Country Reference Data Type Bobby,,2021-11-01T18:09:17GMT-06:00,,cusadmin,2021-11-08T05:20:48GMT-06:00,TV,Tuvalu,,,,2021-11-01T18:19:22GMT-06:00,,cusadmin,2021-11-08T05:20:47GMT-06:00,AUD,,English
Country Code,,"crm,enterprise,mdm",1,Simple Approval Process,Approved,Country Reference Data Type Bobby,,2021-11-01T18:09:17GMT-06:00,,cusadmin,2021-11-08T05:20:48GMT-06:00,USAF,US Armed Forces,,,,2021-11-01T18:19:23GMT-06:00,,cusadmin,2021-11-08T05:20:47GMT-06:00,USD,,English
Country Code,,"crm,enterprise,mdm",1,Simple Approval Process,Approved,Country Reference Data Type Bobby,,2021-11-01T18:09:17GMT-06:00,,cusadmin,2021-11-08T05:20:48GMT-06:00,UG,Uganda,,,,2021-11-01T18:19:22GMT-06:00,,cusadmin,2021-11-08T05:20:47GMT-06:00,UGX,,English
Country Code,,"crm,enterprise,mdm",1,Simple Approval Process,Approved,Country Reference Data Type Bobby,,2021-11-01T18:09:17GMT-06:00,,cusadmin,2021-11-08T05:20:48GMT-06:00,UA,Ukraine,,,,2021-11-01T18:19:22GMT-06:00,,cusadmin,2021-11-08T05:20:47GMT-06:00,UAH,,English
Country Code,,"crm,enterprise,mdm",1,Simple Approval Process,Approved,Country Reference Data Type Bobby,,2021-11-01T18:09:17GMT-06:00,,cusadmin,2021-11-08T05:20:48GMT-06:00,AE,United Arab Emirates,,,,2021-11-01T18:19:22GMT-06:00,,cusadmin,2021-11-08T05:20:47GMT-06:00,AED,,English
Country Code,,"crm,enterprise,mdm",1,Simple Approval Process,Approved,Country Reference Data Type Bobby,,2021-11-01T18:09:17GMT-06:00,,cusadmin,2021-11-08T05:20:48GMT-06:00,GB,United Kingdom,,,,2021-11-01T18:19:22GMT-06:00,,cusadmin,2021-11-08T05:20:47GMT-06:00,GBP,,English
Country Code,,"crm,enterprise,mdm",1,Simple Approval Process,Approved,Country Reference Data Type Bobby,,2021-11-01T18:09:17GMT-06:00,,cusadmin,2021-11-08T05:20:48GMT-06:00,US,United States,,,,2021-11-01T18:19:22GMT-06:00,,cusadmin,2021-11-08T05:20:47GMT-06:00,USD,,English
Country Code,,"crm,enterprise,mdm",1,Simple Approval Process,Approved,Country Reference Data Type Bobby,,2021-11-01T18:09:17GMT-06:00,,cusadmin,2021-11-08T05:20:48GMT-06:00,UM,United States Minor Outlying Islands,,,,2021-11-01T18:19:22GMT-06:00,,cusadmin,2021-11-08T05:20:47GMT-06:00,USD,,English
Country Code,,"crm,enterprise,mdm",1,Simple Approval Process,Approved,Country Reference Data Type Bobby,,2021-11-01T18:09:17GMT-06:00,,cusadmin,2021-11-08T05:20:48GMT-06:00,UY,Uruguay,,,,2021-11-01T18:19:22GMT-06:00,,cusadmin,2021-11-08T05:20:47GMT-06:00,UYU,,English
Country Code,,"crm,enterprise,mdm",1,Simple Approval Process,Approved,Country Reference Data Type Bobby,,2021-11-01T18:09:17GMT-06:00,,cusadmin,2021-11-08T05:20:48GMT-06:00,UZ,Uzbekistan,,,,2021-11-01T18:19:22GMT-06:00,,cusadmin,2021-11-08T05:20:47GMT-06:00,UZS,,English
Country Code,,"crm,enterprise,mdm",1,Simple Approval Process,Approved,Country Reference Data Type Bobby,,2021-11-01T18:09:17GMT-06:00,,cusadmin,2021-11-08T05:20:48GMT-06:00,VU,Vanuatu,,,,2021-11-01T18:19:22GMT-06:00,,cusadmin,2021-11-08T05:20:47GMT-06:00,VUV,,English
Country Code,,"crm,enterprise,mdm",1,Simple Approval Process,Approved,Country Reference Data Type Bobby,,2021-11-01T18:09:17GMT-06:00,,cusadmin,2021-11-08T05:20:48GMT-06:00,VA,Vatican City State (Holy See),,,,2021-11-01T18:19:22GMT-06:00,,cusadmin,2021-11-08T05:20:47GMT-06:00,EUR,,English
Country Code,,"crm,enterprise,mdm",1,Simple Approval Process,Approved,Country Reference Data Type Bobby,,2021-11-01T18:09:17GMT-06:00,,cusadmin,2021-11-08T05:20:48GMT-06:00,VE,Venezuela,,,,2021-11-01T18:19:22GMT-06:00,,cusadmin,2021-11-08T05:20:47GMT-06:00,VEF,,English
Country Code,,"crm,enterprise,mdm",1,Simple Approval Process,Approved,Country Reference Data Type Bobby,,2021-11-01T18:09:17GMT-06:00,,cusadmin,2021-11-08T05:20:48GMT-06:00,VN,Vietnam,,,,2021-11-01T18:19:22GMT-06:00,,cusadmin,2021-11-08T05:20:47GMT-06:00,VND,,English
Country Code,,"crm,enterprise,mdm",1,Simple Approval Process,Approved,Country Reference Data Type Bobby,,2021-11-01T18:09:17GMT-06:00,,cusadmin,2021-11-08T05:20:48GMT-06:00,VG,Virgin Islands (British),,,,2021-11-01T18:19:22GMT-06:00,,cusadmin,2021-11-08T05:20:47GMT-06:00,USD,,English
Country Code,,"crm,enterprise,mdm",1,Simple Approval Process,Approved,Country Reference Data Type Bobby,,2021-11-01T18:09:17GMT-06:00,,cusadmin,2021-11-08T05:20:48GMT-06:00,VI,Virgin Islands (US),,,,2021-11-01T18:19:22GMT-06:00,,cusadmin,2021-11-08T05:20:47GMT-06:00,USD,,English
Country Code,,"crm,enterprise,mdm",1,Simple Approval Process,Approved,Country Reference Data Type Bobby,,2021-11-01T18:09:17GMT-06:00,,cusadmin,2021-11-08T05:20:48GMT-06:00,WF,Wallis and Futuna Islands,,,,2021-11-01T18:19:22GMT-06:00,,cusadmin,2021-11-08T05:20:47GMT-06:00,XPF,,English
Country Code,,"crm,enterprise,mdm",1,Simple Approval Process,Approved,Country Reference Data Type Bobby,,2021-11-01T18:09:17GMT-06:00,,cusadmin,2021-11-08T05:20:48GMT-06:00,EH,Western Sahara,,,,2021-11-01T18:19:22GMT-06:00,,cusadmin,2021-11-08T05:20:47GMT-06:00,MAD,,English
Country Code,,"crm,enterprise,mdm",1,Simple Approval Process,Approved,Country Reference Data Type Bobby,,2021-11-01T18:09:17GMT-06:00,,cusadmin,2021-11-08T05:20:48GMT-06:00,YE,Yemen,,,,2021-11-01T18:19:22GMT-06:00,,cusadmin,2021-11-08T05:20:47GMT-06:00,YER,,English
Country Code,,"crm,enterprise,mdm",1,Simple Approval Process,Approved,Country Reference Data Type Bobby,,2021-11-01T18:09:17GMT-06:00,,cusadmin,2021-11-08T05:20:48GMT-06:00,ZM,Zambia,,,,2021-11-01T18:19:22GMT-06:00,,cusadmin,2021-11-08T05:20:47GMT-06:00,ZMK,,English
Country Code,,"crm,enterprise,mdm",1,Simple Approval Process,Approved,Country Reference Data Type Bobby,,2021-11-01T18:09:17GMT-06:00,,cusadmin,2021-11-08T05:20:48GMT-06:00,ZW,Zimbabwe,,,,2021-11-01T18:19:22GMT-06:00,,cusadmin,2021-11-08T05:20:47GMT-06:00,ZWD,,English
